{
    "colors": [
        "c", "m", "y", "k", "w", "e"
    ],
    "pure_cmykw_colors": [
        [1, 0, 0, 0, 0],  
        [0, 1, 0, 0, 0],  
        [0, 0, 1, 0, 0], 
        [0, 0, 0, 1, 0],  
        [0, 0, 0, 0, 1]
    ],
    "cmykw_save_color": [
        [0, 1, 1, 1],
        [1, 0, 1, 1],
        [1, 1, 0, 1],
        [0, 0, 0, 1],
        [1, 1, 1, 1]
    ],
    "density_rgb": [
        [ 2.11687892, 0.39444326, 0.09940459],
        [-0.0, 4.26981011, 1.16145945],
        [1.40341727, -0.0, 71.63865093],
        [2.63411027, 2.62087844, 4.11621875],
        [3.15229777, 2.59634527, 14.17393403],
        [0.0, 0.0, 0.0]
    ]

}